{"cameraMode":{"drawMode":0,"name":"Shaded","section":"Shading Mode"},"sceneLighting":false,"audioPlay":false,"sceneViewState":{"m_AlwaysRefresh":false,"showFog":true,"showSkybox":false,"showFlares":true,"showImageEffects":true,"showParticleSystems":true,"showVisualEffectGraphs":true,"m_FxEnabled":true},"in2DMode":false,"pivot":{"x":-0.8290843367576599,"y":1.286908745765686,"z":1.950195550918579},"rotation":{"x":0.06286302953958512,"y":-0.9298404455184937,"z":0.18887367844581605,"w":0.30947768688201907},"size":0.6893515586853027,"orthographic":false}