{"cameraMode":{"drawMode":0,"name":"Shaded","section":"Shading Mode"},"sceneLighting":false,"audioPlay":false,"sceneViewState":{"m_AlwaysRefresh":false,"showFog":true,"showSkybox":false,"showFlares":true,"showImageEffects":true,"showParticleSystems":true,"showVisualEffectGraphs":true,"m_FxEnabled":true},"in2DMode":false,"pivot":{"x":-0.8792247176170349,"y":1.7270879745483399,"z":2.433234214782715},"rotation":{"x":-0.003948193974792957,"y":-0.8501940965652466,"z":-0.006376582197844982,"w":0.5264171957969666},"size":0.4942851662635803,"orthographic":false}