{"cameraMode":{"drawMode":0,"name":"Shaded","section":"Shading Mode"},"sceneLighting":true,"audioPlay":false,"sceneViewState":{"m_AlwaysRefresh":false,"showFog":true,"showSkybox":true,"showFlares":true,"showImageEffects":true,"showParticleSystems":true,"showVisualEffectGraphs":true,"m_FxEnabled":true},"in2DMode":false,"pivot":{"x":0.1605856567621231,"y":1.0151641368865967,"z":0.8606283664703369},"rotation":{"x":0.04174938052892685,"y":0.8701176643371582,"z":-0.07484801858663559,"w":0.485339879989624},"size":0.31512245535850527,"orthographic":false}